"","participant","list","gender","age","itemNr","ID","expression","response"
"1","1","AB","f","35+",1,"controlA1","control",1
"2","1","AB","f","35+",2,"vya1","vya",3
"3","1","AB","f","35+",3,"moa2","moa",3
"4","1","AB","f","35+",4,"possNP1","possNP",5
"5","1","AB","f","35+",5,"kuaauka2","kuaauka",5
"6","1","AB","f","35+",6,"haimete1","haimete",1
"7","1","AB","f","35+",7,"hecha2","hecha",3
"8","1","AB","f","35+",8,"mombeu1","mombeu",1
"9","1","AB","f","35+",9,"topa2","topa",3
"10","1","AB","f","35+",10,"controlA2","control",1
"11","1","AB","f","35+",11,"hechauka1","hechauka",5
"12","1","AB","f","35+",12,"kuaa2","kuaa",3
"13","1","AB","f","35+",13,"cos1","cos",3
"14","1","AB","f","35+",14,"hendu2","hendu",3
"15","1","AB","f","35+",15,"nte1","nte",1
"16","1","AB","f","35+",16,"juhu2","juhu",3
"17","1","AB","f","35+",17,"hechakuaa1","hechakuaa",1
"18","1","AB","f","35+",18,"hei2","hei",1
"19","1","AB","f","35+",19,"NRRC1","NRRC",5
"20","1","AB","f","35+",20,"controlA3","control",3
"21","1","AB","f","35+",21,"controlB1","control",1
"23","1","AB","f","35+",23,"moa1","moa",3
"24","1","AB","f","35+",24,"possNP2","possNP",5
"25","1","AB","f","35+",25,"kuaauka1","kuaauka",5
"26","1","AB","f","35+",26,"haimete2","haimete",3
"27","1","AB","f","35+",27,"hecha1","hecha",1
"28","1","AB","f","35+",28,"mombeu2","mombeu",5
"29","1","AB","f","35+",29,"topa1","topa",5
"30","1","AB","f","35+",30,"controlB2","control",1
"31","1","AB","f","35+",31,"hechauka2","hechauka",5
"32","1","AB","f","35+",32,"kuaa1","kuaa",5
"33","1","AB","f","35+",33,"cos2","cos",3
"34","1","AB","f","35+",34,"hendu1","hendu",5
"35","1","AB","f","35+",35,"nte2","nte",5
"36","1","AB","f","35+",36,"juhu1","juhu",5
"37","1","AB","f","35+",37,"hechakuaa2","hechakuaa",5
"38","1","AB","f","35+",38,"hei1","hei",5
"39","1","AB","f","35+",39,"NRRC2","NRRC",5
"40","1","AB","f","35+",40,"controlB3","control",1
"41","2","BA","m","35-",1,"controlA1","control",3
"42","2","BA","m","35-",2,"vya1","vya",5
"43","2","BA","m","35-",3,"moa2","moa",3
"44","2","BA","m","35-",4,"possNP1","possNP",5
"45","2","BA","m","35-",5,"kuaauka2","kuaauka",5
"46","2","BA","m","35-",6,"haimete1","haimete",3
"47","2","BA","m","35-",7,"hecha2","hecha",5
"48","2","BA","m","35-",8,"mombeu1","mombeu",5
"49","2","BA","m","35-",9,"topa2","topa",5
"50","2","BA","m","35-",10,"controlA2","control",3
"51","2","BA","m","35-",11,"hechauka1","hechauka",5
"52","2","BA","m","35-",12,"kuaa2","kuaa",3
"53","2","BA","m","35-",13,"cos1","cos",3
"54","2","BA","m","35-",14,"hendu2","hendu",5
"55","2","BA","m","35-",15,"nte1","nte",5
"56","2","BA","m","35-",16,"juhu2","juhu",5
"57","2","BA","m","35-",17,"hechakuaa1","hechakuaa",5
"58","2","BA","m","35-",18,"hei2","hei",3
"59","2","BA","m","35-",19,"NRRC1","NRRC",5
"60","2","BA","m","35-",20,"controlA3","control",3
"61","2","BA","m","35-",21,"controlB1","control",4
"63","2","BA","m","35-",23,"moa1","moa",3
"64","2","BA","m","35-",24,"possNP2","possNP",5
"65","2","BA","m","35-",25,"kuaauka1","kuaauka",5
"66","2","BA","m","35-",26,"haimete2","haimete",5
"67","2","BA","m","35-",27,"hecha1","hecha",4
"68","2","BA","m","35-",28,"mombeu2","mombeu",2
"69","2","BA","m","35-",29,"topa1","topa",4
"70","2","BA","m","35-",30,"controlB2","control",3
"71","2","BA","m","35-",31,"hechauka2","hechauka",3
"72","2","BA","m","35-",32,"kuaa1","kuaa",1
"73","2","BA","m","35-",33,"cos2","cos",2
"74","2","BA","m","35-",34,"hendu1","hendu",5
"75","2","BA","m","35-",35,"nte2","nte",2
"76","2","BA","m","35-",36,"juhu1","juhu",4
"77","2","BA","m","35-",37,"hechakuaa2","hechakuaa",5
"78","2","BA","m","35-",38,"hei1","hei",3
"79","2","BA","m","35-",39,"NRRC2","NRRC",4
"80","2","BA","m","35-",40,"controlB3","control",1
"81","3","AB","f","35-",1,"controlA1","control",1
"82","3","AB","f","35-",2,"vya1","vya",5
"83","3","AB","f","35-",3,"moa2","moa",1
"84","3","AB","f","35-",4,"possNP1","possNP",5
"85","3","AB","f","35-",5,"kuaauka2","kuaauka",5
"86","3","AB","f","35-",6,"haimete1","haimete",5
"87","3","AB","f","35-",7,"hecha2","hecha",5
"88","3","AB","f","35-",8,"mombeu1","mombeu",5
"89","3","AB","f","35-",9,"topa2","topa",3
"90","3","AB","f","35-",10,"controlA2","control",3
"91","3","AB","f","35-",11,"hechauka1","hechauka",3
"92","3","AB","f","35-",12,"kuaa2","kuaa",3
"93","3","AB","f","35-",13,"cos1","cos",5
"94","3","AB","f","35-",14,"hendu2","hendu",5
"95","3","AB","f","35-",15,"nte1","nte",5
"96","3","AB","f","35-",16,"juhu2","juhu",5
"97","3","AB","f","35-",17,"hechakuaa1","hechakuaa",3
"98","3","AB","f","35-",18,"hei2","hei",5
"99","3","AB","f","35-",19,"NRRC1","NRRC",5
"100","3","AB","f","35-",20,"controlA3","control",3
"101","3","AB","f","35-",21,"controlB1","control",3
"103","3","AB","f","35-",23,"moa1","moa",3
"104","3","AB","f","35-",24,"possNP2","possNP",5
"105","3","AB","f","35-",25,"kuaauka1","kuaauka",5
"106","3","AB","f","35-",26,"haimete2","haimete",5
"107","3","AB","f","35-",27,"hecha1","hecha",3
"108","3","AB","f","35-",28,"mombeu2","mombeu",5
"109","3","AB","f","35-",29,"topa1","topa",3
"110","3","AB","f","35-",30,"controlB2","control",3
"111","3","AB","f","35-",31,"hechauka2","hechauka",5
"112","3","AB","f","35-",32,"kuaa1","kuaa",5
"113","3","AB","f","35-",33,"cos2","cos",5
"114","3","AB","f","35-",34,"hendu1","hendu",5
"115","3","AB","f","35-",35,"nte2","nte",3
"116","3","AB","f","35-",36,"juhu1","juhu",4
"117","3","AB","f","35-",37,"hechakuaa2","hechakuaa",4
"118","3","AB","f","35-",38,"hei1","hei",5
"119","3","AB","f","35-",39,"NRRC2","NRRC",5
"120","3","AB","f","35-",40,"controlB3","control",3
"121","4","BA","f","35+",1,"controlA1","control",3
"123","4","BA","f","35+",3,"moa2","moa",1
"124","4","BA","f","35+",4,"possNP1","possNP",5
"125","4","BA","f","35+",5,"kuaauka2","kuaauka",5
"126","4","BA","f","35+",6,"haimete1","haimete",1
"127","4","BA","f","35+",7,"hecha2","hecha",4
"128","4","BA","f","35+",8,"mombeu1","mombeu",5
"129","4","BA","f","35+",9,"topa2","topa",5
"130","4","BA","f","35+",10,"controlA2","control",1
"131","4","BA","f","35+",11,"hechauka1","hechauka",4
"132","4","BA","f","35+",12,"kuaa2","kuaa",5
"133","4","BA","f","35+",13,"cos1","cos",4
"134","4","BA","f","35+",14,"hendu2","hendu",5
"135","4","BA","f","35+",15,"nte1","nte",3
"136","4","BA","f","35+",16,"juhu2","juhu",4
"137","4","BA","f","35+",17,"hechakuaa1","hechakuaa",3
"138","4","BA","f","35+",18,"hei2","hei",2
"139","4","BA","f","35+",19,"NRRC1","NRRC",5
"140","4","BA","f","35+",20,"controlA3","control",3
"143","4","BA","f","35+",23,"moa1","moa",2
"144","4","BA","f","35+",24,"possNP2","possNP",5
"145","4","BA","f","35+",25,"kuaauka1","kuaauka",5
"146","4","BA","f","35+",26,"haimete2","haimete",5
"147","4","BA","f","35+",27,"hecha1","hecha",3
"148","4","BA","f","35+",28,"mombeu2","mombeu",5
"149","4","BA","f","35+",29,"topa1","topa",4
"150","4","BA","f","35+",30,"controlB2","control",3
"151","4","BA","f","35+",31,"hechauka2","hechauka",5
"152","4","BA","f","35+",32,"kuaa1","kuaa",1
"153","4","BA","f","35+",33,"cos2","cos",5
"154","4","BA","f","35+",34,"hendu1","hendu",5
"155","4","BA","f","35+",35,"nte2","nte",5
"156","4","BA","f","35+",36,"juhu1","juhu",1
"157","4","BA","f","35+",37,"hechakuaa2","hechakuaa",1
"158","4","BA","f","35+",38,"hei1","hei",1
"159","4","BA","f","35+",39,"NRRC2","NRRC",4
"160","4","BA","f","35+",40,"controlB3","control",1
"161","5","AB","f","35-",1,"controlA1","control",1
"162","5","AB","f","35-",2,"vya1","vya",1
"163","5","AB","f","35-",3,"moa2","moa",3
"164","5","AB","f","35-",4,"possNP1","possNP",5
"165","5","AB","f","35-",5,"kuaauka2","kuaauka",1
"166","5","AB","f","35-",6,"haimete1","haimete",5
"167","5","AB","f","35-",7,"hecha2","hecha",5
"168","5","AB","f","35-",8,"mombeu1","mombeu",1
"169","5","AB","f","35-",9,"topa2","topa",5
"170","5","AB","f","35-",10,"controlA2","control",1
"171","5","AB","f","35-",11,"hechauka1","hechauka",5
"172","5","AB","f","35-",12,"kuaa2","kuaa",3
"173","5","AB","f","35-",13,"cos1","cos",1
"174","5","AB","f","35-",14,"hendu2","hendu",3
"175","5","AB","f","35-",15,"nte1","nte",1
"176","5","AB","f","35-",16,"juhu2","juhu",1
"177","5","AB","f","35-",17,"hechakuaa1","hechakuaa",5
"178","5","AB","f","35-",18,"hei2","hei",1
"179","5","AB","f","35-",19,"NRRC1","NRRC",3
"180","5","AB","f","35-",20,"controlA3","control",1
"181","5","AB","f","35-",21,"controlB1","control",1
"183","5","AB","f","35-",23,"moa1","moa",1
"184","5","AB","f","35-",24,"possNP2","possNP",3
"185","5","AB","f","35-",25,"kuaauka1","kuaauka",1
"186","5","AB","f","35-",26,"haimete2","haimete",5
"187","5","AB","f","35-",27,"hecha1","hecha",1
"188","5","AB","f","35-",28,"mombeu2","mombeu",3
"189","5","AB","f","35-",29,"topa1","topa",5
"190","5","AB","f","35-",30,"controlB2","control",1
"191","5","AB","f","35-",31,"hechauka2","hechauka",3
"192","5","AB","f","35-",32,"kuaa1","kuaa",5
"193","5","AB","f","35-",33,"cos2","cos",1
"194","5","AB","f","35-",34,"hendu1","hendu",1
"195","5","AB","f","35-",35,"nte2","nte",3
"196","5","AB","f","35-",36,"juhu1","juhu",5
"197","5","AB","f","35-",37,"hechakuaa2","hechakuaa",3
"198","5","AB","f","35-",38,"hei1","hei",1
"199","5","AB","f","35-",39,"NRRC2","NRRC",5
"200","5","AB","f","35-",40,"controlB3","control",3
"201","6","BA","f","35-",1,"controlA1","control",5
"202","6","BA","f","35-",2,"vya1","vya",5
"203","6","BA","f","35-",3,"moa2","moa",5
"204","6","BA","f","35-",4,"possNP1","possNP",5
"205","6","BA","f","35-",5,"kuaauka2","kuaauka",5
"206","6","BA","f","35-",6,"haimete1","haimete",5
"207","6","BA","f","35-",7,"hecha2","hecha",5
"208","6","BA","f","35-",8,"mombeu1","mombeu",5
"209","6","BA","f","35-",9,"topa2","topa",5
"210","6","BA","f","35-",10,"controlA2","control",4
"211","6","BA","f","35-",11,"hechauka1","hechauka",5
"212","6","BA","f","35-",12,"kuaa2","kuaa",5
"213","6","BA","f","35-",13,"cos1","cos",5
"214","6","BA","f","35-",14,"hendu2","hendu",5
"215","6","BA","f","35-",15,"nte1","nte",5
"216","6","BA","f","35-",16,"juhu2","juhu",5
"217","6","BA","f","35-",17,"hechakuaa1","hechakuaa",5
"218","6","BA","f","35-",18,"hei2","hei",5
"219","6","BA","f","35-",19,"NRRC1","NRRC",5
"220","6","BA","f","35-",20,"controlA3","control",3
"221","6","BA","f","35-",21,"controlB1","control",5
"223","6","BA","f","35-",23,"moa1","moa",3
"224","6","BA","f","35-",24,"possNP2","possNP",5
"225","6","BA","f","35-",25,"kuaauka1","kuaauka",5
"226","6","BA","f","35-",26,"haimete2","haimete",5
"227","6","BA","f","35-",27,"hecha1","hecha",5
"228","6","BA","f","35-",28,"mombeu2","mombeu",5
"229","6","BA","f","35-",29,"topa1","topa",5
"230","6","BA","f","35-",30,"controlB2","control",3
"231","6","BA","f","35-",31,"hechauka2","hechauka",5
"232","6","BA","f","35-",32,"kuaa1","kuaa",3
"233","6","BA","f","35-",33,"cos2","cos",3
"234","6","BA","f","35-",34,"hendu1","hendu",5
"235","6","BA","f","35-",35,"nte2","nte",5
"236","6","BA","f","35-",36,"juhu1","juhu",3
"237","6","BA","f","35-",37,"hechakuaa2","hechakuaa",5
"238","6","BA","f","35-",38,"hei1","hei",5
"239","6","BA","f","35-",39,"NRRC2","NRRC",5
"240","6","BA","f","35-",40,"controlB3","control",3
"241","7","AB","f","35-",1,"controlA1","control",3
"242","7","AB","f","35-",2,"vya1","vya",3
"243","7","AB","f","35-",3,"moa2","moa",3
"244","7","AB","f","35-",4,"possNP1","possNP",5
"245","7","AB","f","35-",5,"kuaauka2","kuaauka",5
"246","7","AB","f","35-",6,"haimete1","haimete",5
"247","7","AB","f","35-",7,"hecha2","hecha",3
"248","7","AB","f","35-",8,"mombeu1","mombeu",3
"249","7","AB","f","35-",9,"topa2","topa",3
"250","7","AB","f","35-",10,"controlA2","control",3
"251","7","AB","f","35-",11,"hechauka1","hechauka",3
"252","7","AB","f","35-",12,"kuaa2","kuaa",3
"253","7","AB","f","35-",13,"cos1","cos",3
"254","7","AB","f","35-",14,"hendu2","hendu",3
"255","7","AB","f","35-",15,"nte1","nte",3
"256","7","AB","f","35-",16,"juhu2","juhu",3
"257","7","AB","f","35-",17,"hechakuaa1","hechakuaa",5
"258","7","AB","f","35-",18,"hei2","hei",5
"259","7","AB","f","35-",19,"NRRC1","NRRC",5
"260","7","AB","f","35-",20,"controlA3","control",3
"261","7","AB","f","35-",21,"controlB1","control",3
"263","7","AB","f","35-",23,"moa1","moa",5
"264","7","AB","f","35-",24,"possNP2","possNP",5
"265","7","AB","f","35-",25,"kuaauka1","kuaauka",5
"266","7","AB","f","35-",26,"haimete2","haimete",3
"267","7","AB","f","35-",27,"hecha1","hecha",5
"268","7","AB","f","35-",28,"mombeu2","mombeu",5
"269","7","AB","f","35-",29,"topa1","topa",5
"270","7","AB","f","35-",30,"controlB2","control",3
"271","7","AB","f","35-",31,"hechauka2","hechauka",5
"272","7","AB","f","35-",32,"kuaa1","kuaa",5
"273","7","AB","f","35-",33,"cos2","cos",5
"274","7","AB","f","35-",34,"hendu1","hendu",5
"275","7","AB","f","35-",35,"nte2","nte",5
"276","7","AB","f","35-",36,"juhu1","juhu",3
"277","7","AB","f","35-",37,"hechakuaa2","hechakuaa",5
"278","7","AB","f","35-",38,"hei1","hei",5
"279","7","AB","f","35-",39,"NRRC2","NRRC",5
"280","7","AB","f","35-",40,"controlB3","control",3
"281","8","BA","f","35+",1,"controlA1","control",4
"282","8","BA","f","35+",2,"vya1","vya",4
"283","8","BA","f","35+",3,"moa2","moa",3
"284","8","BA","f","35+",4,"possNP1","possNP",2
"285","8","BA","f","35+",5,"kuaauka2","kuaauka",4
"286","8","BA","f","35+",6,"haimete1","haimete",5
"287","8","BA","f","35+",7,"hecha2","hecha",1
"288","8","BA","f","35+",8,"mombeu1","mombeu",1
"289","8","BA","f","35+",9,"topa2","topa",2
"290","8","BA","f","35+",10,"controlA2","control",1
"291","8","BA","f","35+",11,"hechauka1","hechauka",1
"292","8","BA","f","35+",12,"kuaa2","kuaa",4
"293","8","BA","f","35+",13,"cos1","cos",1
"294","8","BA","f","35+",14,"hendu2","hendu",2
"295","8","BA","f","35+",15,"nte1","nte",3
"296","8","BA","f","35+",16,"juhu2","juhu",2
"297","8","BA","f","35+",17,"hechakuaa1","hechakuaa",4
"298","8","BA","f","35+",18,"hei2","hei",2
"299","8","BA","f","35+",19,"NRRC1","NRRC",3
"300","8","BA","f","35+",20,"controlA3","control",2
"301","8","BA","f","35+",21,"controlB1","control",4
"303","8","BA","f","35+",23,"moa1","moa",4
"304","8","BA","f","35+",24,"possNP2","possNP",5
"305","8","BA","f","35+",25,"kuaauka1","kuaauka",2
"306","8","BA","f","35+",26,"haimete2","haimete",1
"307","8","BA","f","35+",27,"hecha1","hecha",1
"308","8","BA","f","35+",28,"mombeu2","mombeu",5
"309","8","BA","f","35+",29,"topa1","topa",3
"310","8","BA","f","35+",30,"controlB2","control",4
"311","8","BA","f","35+",31,"hechauka2","hechauka",2
"312","8","BA","f","35+",32,"kuaa1","kuaa",1
"313","8","BA","f","35+",33,"cos2","cos",3
"314","8","BA","f","35+",34,"hendu1","hendu",5
"315","8","BA","f","35+",35,"nte2","nte",5
"316","8","BA","f","35+",36,"juhu1","juhu",2
"317","8","BA","f","35+",37,"hechakuaa2","hechakuaa",4
"318","8","BA","f","35+",38,"hei1","hei",3
"319","8","BA","f","35+",39,"NRRC2","NRRC",2
"320","8","BA","f","35+",40,"controlB3","control",1
"321","9","AB","f","35-",1,"controlA1","control",3
"322","9","AB","f","35-",2,"vya1","vya",2
"323","9","AB","f","35-",3,"moa2","moa",1
"324","9","AB","f","35-",4,"possNP1","possNP",3
"325","9","AB","f","35-",5,"kuaauka2","kuaauka",5
"326","9","AB","f","35-",6,"haimete1","haimete",5
"327","9","AB","f","35-",7,"hecha2","hecha",3
"328","9","AB","f","35-",8,"mombeu1","mombeu",5
"329","9","AB","f","35-",9,"topa2","topa",5
"330","9","AB","f","35-",10,"controlA2","control",1
"331","9","AB","f","35-",11,"hechauka1","hechauka",5
"332","9","AB","f","35-",12,"kuaa2","kuaa",5
"333","9","AB","f","35-",13,"cos1","cos",3
"334","9","AB","f","35-",14,"hendu2","hendu",4
"335","9","AB","f","35-",15,"nte1","nte",5
"336","9","AB","f","35-",16,"juhu2","juhu",2
"337","9","AB","f","35-",17,"hechakuaa1","hechakuaa",5
"338","9","AB","f","35-",18,"hei2","hei",5
"339","9","AB","f","35-",19,"NRRC1","NRRC",3
"340","9","AB","f","35-",20,"controlA3","control",3
"341","9","AB","f","35-",21,"controlB1","control",3
"343","9","AB","f","35-",23,"moa1","moa",5
"344","9","AB","f","35-",24,"possNP2","possNP",1
"345","9","AB","f","35-",25,"kuaauka1","kuaauka",3
"346","9","AB","f","35-",26,"haimete2","haimete",5
"347","9","AB","f","35-",27,"hecha1","hecha",3
"348","9","AB","f","35-",28,"mombeu2","mombeu",5
"349","9","AB","f","35-",29,"topa1","topa",5
"350","9","AB","f","35-",30,"controlB2","control",2
"351","9","AB","f","35-",31,"hechauka2","hechauka",5
"352","9","AB","f","35-",32,"kuaa1","kuaa",5
"353","9","AB","f","35-",33,"cos2","cos",3
"354","9","AB","f","35-",34,"hendu1","hendu",5
"355","9","AB","f","35-",35,"nte2","nte",4
"356","9","AB","f","35-",36,"juhu1","juhu",5
"357","9","AB","f","35-",37,"hechakuaa2","hechakuaa",3
"358","9","AB","f","35-",38,"hei1","hei",5
"359","9","AB","f","35-",39,"NRRC2","NRRC",5
"360","9","AB","f","35-",40,"controlB3","control",3
"361","10","BA","f","35-",1,"controlA1","control",4
"362","10","BA","f","35-",2,"vya1","vya",4
"363","10","BA","f","35-",3,"moa2","moa",4
"364","10","BA","f","35-",4,"possNP1","possNP",5
"365","10","BA","f","35-",5,"kuaauka2","kuaauka",3
"366","10","BA","f","35-",6,"haimete1","haimete",4
"367","10","BA","f","35-",7,"hecha2","hecha",2
"368","10","BA","f","35-",8,"mombeu1","mombeu",3
"369","10","BA","f","35-",9,"topa2","topa",4
"370","10","BA","f","35-",10,"controlA2","control",4
"371","10","BA","f","35-",11,"hechauka1","hechauka",3
"372","10","BA","f","35-",12,"kuaa2","kuaa",3
"373","10","BA","f","35-",13,"cos1","cos",2
"374","10","BA","f","35-",14,"hendu2","hendu",3
"375","10","BA","f","35-",15,"nte1","nte",4
"376","10","BA","f","35-",16,"juhu2","juhu",5
"377","10","BA","f","35-",17,"hechakuaa1","hechakuaa",4
"378","10","BA","f","35-",18,"hei2","hei",3
"379","10","BA","f","35-",19,"NRRC1","NRRC",4
"380","10","BA","f","35-",20,"controlA3","control",4
"381","10","BA","f","35-",21,"controlB1","control",5
"383","10","BA","f","35-",23,"moa1","moa",5
"384","10","BA","f","35-",24,"possNP2","possNP",4
"385","10","BA","f","35-",25,"kuaauka1","kuaauka",5
"386","10","BA","f","35-",26,"haimete2","haimete",4
"387","10","BA","f","35-",27,"hecha1","hecha",5
"388","10","BA","f","35-",28,"mombeu2","mombeu",5
"389","10","BA","f","35-",29,"topa1","topa",5
"390","10","BA","f","35-",30,"controlB2","control",5
"391","10","BA","f","35-",31,"hechauka2","hechauka",5
"392","10","BA","f","35-",32,"kuaa1","kuaa",4
"393","10","BA","f","35-",33,"cos2","cos",5
"394","10","BA","f","35-",34,"hendu1","hendu",4
"395","10","BA","f","35-",35,"nte2","nte",1
"396","10","BA","f","35-",36,"juhu1","juhu",1
"397","10","BA","f","35-",37,"hechakuaa2","hechakuaa",4
"398","10","BA","f","35-",38,"hei1","hei",1
"399","10","BA","f","35-",39,"NRRC2","NRRC",1
"400","10","BA","f","35-",40,"controlB3","control",3
"401","11","AB","f","35+",1,"controlA1","control",3
"402","11","AB","f","35+",2,"vya1","vya",5
"403","11","AB","f","35+",3,"moa2","moa",5
"404","11","AB","f","35+",4,"possNP1","possNP",5
"405","11","AB","f","35+",5,"kuaauka2","kuaauka",5
"406","11","AB","f","35+",6,"haimete1","haimete",4
"407","11","AB","f","35+",7,"hecha2","hecha",4
"408","11","AB","f","35+",8,"mombeu1","mombeu",3
"409","11","AB","f","35+",9,"topa2","topa",5
"410","11","AB","f","35+",10,"controlA2","control",3
"411","11","AB","f","35+",11,"hechauka1","hechauka",5
"412","11","AB","f","35+",12,"kuaa2","kuaa",3
"413","11","AB","f","35+",13,"cos1","cos",3
"414","11","AB","f","35+",14,"hendu2","hendu",3
"415","11","AB","f","35+",15,"nte1","nte",5
"416","11","AB","f","35+",16,"juhu2","juhu",3
"417","11","AB","f","35+",17,"hechakuaa1","hechakuaa",5
"418","11","AB","f","35+",18,"hei2","hei",5
"419","11","AB","f","35+",19,"NRRC1","NRRC",5
"420","11","AB","f","35+",20,"controlA3","control",5
"421","11","AB","f","35+",21,"controlB1","control",3
"423","11","AB","f","35+",23,"moa1","moa",3
"424","11","AB","f","35+",24,"possNP2","possNP",5
"425","11","AB","f","35+",25,"kuaauka1","kuaauka",5
"426","11","AB","f","35+",26,"haimete2","haimete",5
"427","11","AB","f","35+",27,"hecha1","hecha",5
"428","11","AB","f","35+",28,"mombeu2","mombeu",5
"429","11","AB","f","35+",29,"topa1","topa",3
"430","11","AB","f","35+",30,"controlB2","control",3
"431","11","AB","f","35+",31,"hechauka2","hechauka",5
"432","11","AB","f","35+",32,"kuaa1","kuaa",5
"433","11","AB","f","35+",33,"cos2","cos",5
"434","11","AB","f","35+",34,"hendu1","hendu",5
"435","11","AB","f","35+",35,"nte2","nte",5
"436","11","AB","f","35+",36,"juhu1","juhu",3
"437","11","AB","f","35+",37,"hechakuaa2","hechakuaa",5
"438","11","AB","f","35+",38,"hei1","hei",3
"439","11","AB","f","35+",39,"NRRC2","NRRC",5
"440","11","AB","f","35+",40,"controlB3","control",1
"441","12","BA","f","35+",1,"controlA1","control",3
"442","12","BA","f","35+",2,"vya1","vya",5
"443","12","BA","f","35+",3,"moa2","moa",3
"444","12","BA","f","35+",4,"possNP1","possNP",5
"445","12","BA","f","35+",5,"kuaauka2","kuaauka",5
"446","12","BA","f","35+",6,"haimete1","haimete",1
"447","12","BA","f","35+",7,"hecha2","hecha",5
"448","12","BA","f","35+",8,"mombeu1","mombeu",5
"449","12","BA","f","35+",9,"topa2","topa",5
"450","12","BA","f","35+",10,"controlA2","control",5
"451","12","BA","f","35+",11,"hechauka1","hechauka",5
"452","12","BA","f","35+",12,"kuaa2","kuaa",5
"453","12","BA","f","35+",13,"cos1","cos",5
"454","12","BA","f","35+",14,"hendu2","hendu",5
"455","12","BA","f","35+",15,"nte1","nte",5
"456","12","BA","f","35+",16,"juhu2","juhu",5
"457","12","BA","f","35+",17,"hechakuaa1","hechakuaa",5
"458","12","BA","f","35+",18,"hei2","hei",5
"459","12","BA","f","35+",19,"NRRC1","NRRC",5
"460","12","BA","f","35+",20,"controlA3","control",1
"461","12","BA","f","35+",21,"controlB1","control",1
"463","12","BA","f","35+",23,"moa1","moa",5
"464","12","BA","f","35+",24,"possNP2","possNP",5
"465","12","BA","f","35+",25,"kuaauka1","kuaauka",1
"466","12","BA","f","35+",26,"haimete2","haimete",5
"467","12","BA","f","35+",27,"hecha1","hecha",1
"468","12","BA","f","35+",28,"mombeu2","mombeu",1
"469","12","BA","f","35+",29,"topa1","topa",1
"470","12","BA","f","35+",30,"controlB2","control",1
"471","12","BA","f","35+",31,"hechauka2","hechauka",5
"472","12","BA","f","35+",32,"kuaa1","kuaa",1
"473","12","BA","f","35+",33,"cos2","cos",5
"474","12","BA","f","35+",34,"hendu1","hendu",5
"475","12","BA","f","35+",35,"nte2","nte",5
"476","12","BA","f","35+",36,"juhu1","juhu",1
"477","12","BA","f","35+",37,"hechakuaa2","hechakuaa",5
"478","12","BA","f","35+",38,"hei1","hei",1
"479","12","BA","f","35+",39,"NRRC2","NRRC",5
"480","12","BA","f","35+",40,"controlB3","control",1
"481","13","AB","m","35-",1,"controlA1","control",3
"482","13","AB","m","35-",2,"vya1","vya",2
"483","13","AB","m","35-",3,"moa2","moa",3
"484","13","AB","m","35-",4,"possNP1","possNP",3
"485","13","AB","m","35-",5,"kuaauka2","kuaauka",5
"486","13","AB","m","35-",6,"haimete1","haimete",1
"487","13","AB","m","35-",7,"hecha2","hecha",1
"488","13","AB","m","35-",8,"mombeu1","mombeu",5
"489","13","AB","m","35-",9,"topa2","topa",3
"490","13","AB","m","35-",10,"controlA2","control",5
"491","13","AB","m","35-",11,"hechauka1","hechauka",3
"492","13","AB","m","35-",12,"kuaa2","kuaa",4
"493","13","AB","m","35-",13,"cos1","cos",3
"494","13","AB","m","35-",14,"hendu2","hendu",1
"495","13","AB","m","35-",15,"nte1","nte",1
"496","13","AB","m","35-",16,"juhu2","juhu",3
"497","13","AB","m","35-",17,"hechakuaa1","hechakuaa",3
"498","13","AB","m","35-",18,"hei2","hei",5
"499","13","AB","m","35-",19,"NRRC1","NRRC",5
"500","13","AB","m","35-",20,"controlA3","control",5
"501","13","AB","m","35-",21,"controlB1","control",4
"503","13","AB","m","35-",23,"moa1","moa",5
"504","13","AB","m","35-",24,"possNP2","possNP",5
"505","13","AB","m","35-",25,"kuaauka1","kuaauka",3
"506","13","AB","m","35-",26,"haimete2","haimete",3
"507","13","AB","m","35-",27,"hecha1","hecha",1
"508","13","AB","m","35-",28,"mombeu2","mombeu",1
"509","13","AB","m","35-",29,"topa1","topa",4
"510","13","AB","m","35-",30,"controlB2","control",5
"511","13","AB","m","35-",31,"hechauka2","hechauka",3
"512","13","AB","m","35-",32,"kuaa1","kuaa",3
"513","13","AB","m","35-",33,"cos2","cos",5
"514","13","AB","m","35-",34,"hendu1","hendu",5
"515","13","AB","m","35-",35,"nte2","nte",2
"516","13","AB","m","35-",36,"juhu1","juhu",3
"517","13","AB","m","35-",37,"hechakuaa2","hechakuaa",5
"518","13","AB","m","35-",38,"hei1","hei",3
"519","13","AB","m","35-",39,"NRRC2","NRRC",1
"520","13","AB","m","35-",40,"controlB3","control",2
"521","14","BA","f","35+",1,"controlA1","control",5
"522","14","BA","f","35+",2,"vya1","vya",5
"523","14","BA","f","35+",3,"moa2","moa",5
"524","14","BA","f","35+",4,"possNP1","possNP",5
"525","14","BA","f","35+",5,"kuaauka2","kuaauka",3
"526","14","BA","f","35+",6,"haimete1","haimete",1
"527","14","BA","f","35+",7,"hecha2","hecha",3
"528","14","BA","f","35+",8,"mombeu1","mombeu",5
"529","14","BA","f","35+",9,"topa2","topa",3
"530","14","BA","f","35+",10,"controlA2","control",3
"531","14","BA","f","35+",11,"hechauka1","hechauka",1
"532","14","BA","f","35+",12,"kuaa2","kuaa",3
"533","14","BA","f","35+",13,"cos1","cos",3
"534","14","BA","f","35+",14,"hendu2","hendu",3
"535","14","BA","f","35+",15,"nte1","nte",3
"536","14","BA","f","35+",16,"juhu2","juhu",5
"537","14","BA","f","35+",17,"hechakuaa1","hechakuaa",5
"538","14","BA","f","35+",18,"hei2","hei",1
"539","14","BA","f","35+",19,"NRRC1","NRRC",5
"540","14","BA","f","35+",20,"controlA3","control",3
"541","14","BA","f","35+",21,"controlB1","control",3
"543","14","BA","f","35+",23,"moa1","moa",1
"544","14","BA","f","35+",24,"possNP2","possNP",3
"545","14","BA","f","35+",25,"kuaauka1","kuaauka",3
"546","14","BA","f","35+",26,"haimete2","haimete",3
"547","14","BA","f","35+",27,"hecha1","hecha",5
"548","14","BA","f","35+",28,"mombeu2","mombeu",1
"549","14","BA","f","35+",29,"topa1","topa",5
"550","14","BA","f","35+",30,"controlB2","control",3
"551","14","BA","f","35+",31,"hechauka2","hechauka",1
"552","14","BA","f","35+",32,"kuaa1","kuaa",3
"553","14","BA","f","35+",33,"cos2","cos",3
"554","14","BA","f","35+",34,"hendu1","hendu",5
"555","14","BA","f","35+",35,"nte2","nte",1
"556","14","BA","f","35+",36,"juhu1","juhu",3
"557","14","BA","f","35+",37,"hechakuaa2","hechakuaa",3
"558","14","BA","f","35+",38,"hei1","hei",5
"559","14","BA","f","35+",39,"NRRC2","NRRC",5
"560","14","BA","f","35+",40,"controlB3","control",3
"561","15","AB","f","35-",1,"controlA1","control",3
"562","15","AB","f","35-",2,"vya1","vya",5
"563","15","AB","f","35-",3,"moa2","moa",5
"564","15","AB","f","35-",4,"possNP1","possNP",5
"565","15","AB","f","35-",5,"kuaauka2","kuaauka",5
"566","15","AB","f","35-",6,"haimete1","haimete",3
"567","15","AB","f","35-",7,"hecha2","hecha",5
"568","15","AB","f","35-",8,"mombeu1","mombeu",5
"569","15","AB","f","35-",9,"topa2","topa",3
"570","15","AB","f","35-",10,"controlA2","control",3
"571","15","AB","f","35-",11,"hechauka1","hechauka",3
"572","15","AB","f","35-",12,"kuaa2","kuaa",5
"573","15","AB","f","35-",13,"cos1","cos",3
"574","15","AB","f","35-",14,"hendu2","hendu",5
"575","15","AB","f","35-",15,"nte1","nte",3
"576","15","AB","f","35-",16,"juhu2","juhu",5
"577","15","AB","f","35-",17,"hechakuaa1","hechakuaa",3
"578","15","AB","f","35-",18,"hei2","hei",3
"579","15","AB","f","35-",19,"NRRC1","NRRC",5
"580","15","AB","f","35-",20,"controlA3","control",3
"581","15","AB","f","35-",21,"controlB1","control",3
"583","15","AB","f","35-",23,"moa1","moa",3
"584","15","AB","f","35-",24,"possNP2","possNP",5
"585","15","AB","f","35-",25,"kuaauka1","kuaauka",5
"586","15","AB","f","35-",26,"haimete2","haimete",3
"587","15","AB","f","35-",27,"hecha1","hecha",5
"588","15","AB","f","35-",28,"mombeu2","mombeu",5
"589","15","AB","f","35-",29,"topa1","topa",5
"590","15","AB","f","35-",30,"controlB2","control",3
"591","15","AB","f","35-",31,"hechauka2","hechauka",5
"592","15","AB","f","35-",32,"kuaa1","kuaa",5
"593","15","AB","f","35-",33,"cos2","cos",3
"594","15","AB","f","35-",34,"hendu1","hendu",5
"595","15","AB","f","35-",35,"nte2","nte",5
"596","15","AB","f","35-",36,"juhu1","juhu",5
"597","15","AB","f","35-",37,"hechakuaa2","hechakuaa",3
"598","15","AB","f","35-",38,"hei1","hei",5
"599","15","AB","f","35-",39,"NRRC2","NRRC",5
"600","15","AB","f","35-",40,"controlB3","control",3
"601","16","BA","m","35+",1,"controlA1","control",2
"602","16","BA","m","35+",2,"vya1","vya",5
"603","16","BA","m","35+",3,"moa2","moa",3
"604","16","BA","m","35+",4,"possNP1","possNP",4
"605","16","BA","m","35+",5,"kuaauka2","kuaauka",2
"606","16","BA","m","35+",6,"haimete1","haimete",3
"607","16","BA","m","35+",7,"hecha2","hecha",2
"608","16","BA","m","35+",8,"mombeu1","mombeu",5
"609","16","BA","m","35+",9,"topa2","topa",4
"610","16","BA","m","35+",10,"controlA2","control",2
"611","16","BA","m","35+",11,"hechauka1","hechauka",1
"612","16","BA","m","35+",12,"kuaa2","kuaa",5
"613","16","BA","m","35+",13,"cos1","cos",3
"614","16","BA","m","35+",14,"hendu2","hendu",2
"615","16","BA","m","35+",15,"nte1","nte",3
"616","16","BA","m","35+",16,"juhu2","juhu",5
"617","16","BA","m","35+",17,"hechakuaa1","hechakuaa",4
"618","16","BA","m","35+",18,"hei2","hei",5
"619","16","BA","m","35+",19,"NRRC1","NRRC",3
"620","16","BA","m","35+",20,"controlA3","control",2
"621","16","BA","m","35+",21,"controlB1","control",3
"623","16","BA","m","35+",23,"moa1","moa",1
"624","16","BA","m","35+",24,"possNP2","possNP",3
"625","16","BA","m","35+",25,"kuaauka1","kuaauka",4
"626","16","BA","m","35+",26,"haimete2","haimete",1
"627","16","BA","m","35+",27,"hecha1","hecha",3
"628","16","BA","m","35+",28,"mombeu2","mombeu",5
"629","16","BA","m","35+",29,"topa1","topa",1
"630","16","BA","m","35+",30,"controlB2","control",3
"631","16","BA","m","35+",31,"hechauka2","hechauka",5
"632","16","BA","m","35+",32,"kuaa1","kuaa",1
"633","16","BA","m","35+",33,"cos2","cos",3
"634","16","BA","m","35+",34,"hendu1","hendu",1
"635","16","BA","m","35+",35,"nte2","nte",3
"636","16","BA","m","35+",36,"juhu1","juhu",1
"637","16","BA","m","35+",37,"hechakuaa2","hechakuaa",5
"638","16","BA","m","35+",38,"hei1","hei",5
"639","16","BA","m","35+",39,"NRRC2","NRRC",3
"640","16","BA","m","35+",40,"controlB3","control",2
"641","17","AB","m","35+",1,"controlA1","control",1
"642","17","AB","m","35+",2,"vya1","vya",5
"643","17","AB","m","35+",3,"moa2","moa",1
"644","17","AB","m","35+",4,"possNP1","possNP",5
"645","17","AB","m","35+",5,"kuaauka2","kuaauka",5
"646","17","AB","m","35+",6,"haimete1","haimete",1
"647","17","AB","m","35+",7,"hecha2","hecha",5
"648","17","AB","m","35+",8,"mombeu1","mombeu",5
"649","17","AB","m","35+",9,"topa2","topa",1
"650","17","AB","m","35+",10,"controlA2","control",5
"651","17","AB","m","35+",11,"hechauka1","hechauka",1
"652","17","AB","m","35+",12,"kuaa2","kuaa",5
"653","17","AB","m","35+",13,"cos1","cos",2
"654","17","AB","m","35+",14,"hendu2","hendu",5
"655","17","AB","m","35+",15,"nte1","nte",1
"656","17","AB","m","35+",16,"juhu2","juhu",3
"657","17","AB","m","35+",17,"hechakuaa1","hechakuaa",5
"658","17","AB","m","35+",18,"hei2","hei",1
"659","17","AB","m","35+",19,"NRRC1","NRRC",5
"660","17","AB","m","35+",20,"controlA3","control",5
"661","17","AB","m","35+",21,"controlB1","control",5
"663","17","AB","m","35+",23,"moa1","moa",1
"664","17","AB","m","35+",24,"possNP2","possNP",5
"665","17","AB","m","35+",25,"kuaauka1","kuaauka",5
"666","17","AB","m","35+",26,"haimete2","haimete",5
"667","17","AB","m","35+",27,"hecha1","hecha",5
"668","17","AB","m","35+",28,"mombeu2","mombeu",5
"669","17","AB","m","35+",29,"topa1","topa",5
"670","17","AB","m","35+",30,"controlB2","control",1
"671","17","AB","m","35+",31,"hechauka2","hechauka",5
"672","17","AB","m","35+",32,"kuaa1","kuaa",1
"673","17","AB","m","35+",33,"cos2","cos",5
"674","17","AB","m","35+",34,"hendu1","hendu",5
"675","17","AB","m","35+",35,"nte2","nte",1
"676","17","AB","m","35+",36,"juhu1","juhu",5
"677","17","AB","m","35+",37,"hechakuaa2","hechakuaa",1
"678","17","AB","m","35+",38,"hei1","hei",5
"679","17","AB","m","35+",39,"NRRC2","NRRC",5
"680","17","AB","m","35+",40,"controlB3","control",1
"681","18","BA","f","35+",1,"controlA1","control",1
"682","18","BA","f","35+",2,"vya1","vya",5
"683","18","BA","f","35+",3,"moa2","moa",3
"684","18","BA","f","35+",4,"possNP1","possNP",3
"685","18","BA","f","35+",5,"kuaauka2","kuaauka",1
"686","18","BA","f","35+",6,"haimete1","haimete",3
"687","18","BA","f","35+",7,"hecha2","hecha",1
"688","18","BA","f","35+",8,"mombeu1","mombeu",5
"689","18","BA","f","35+",9,"topa2","topa",1
"690","18","BA","f","35+",10,"controlA2","control",1
"691","18","BA","f","35+",11,"hechauka1","hechauka",5
"692","18","BA","f","35+",12,"kuaa2","kuaa",3
"693","18","BA","f","35+",13,"cos1","cos",3
"694","18","BA","f","35+",14,"hendu2","hendu",1
"695","18","BA","f","35+",15,"nte1","nte",3
"696","18","BA","f","35+",16,"juhu2","juhu",5
"697","18","BA","f","35+",17,"hechakuaa1","hechakuaa",1
"698","18","BA","f","35+",18,"hei2","hei",3
"699","18","BA","f","35+",19,"NRRC1","NRRC",1
"700","18","BA","f","35+",20,"controlA3","control",3
"701","18","BA","f","35+",21,"controlB1","control",3
"703","18","BA","f","35+",23,"moa1","moa",1
"704","18","BA","f","35+",24,"possNP2","possNP",3
"705","18","BA","f","35+",25,"kuaauka1","kuaauka",3
"706","18","BA","f","35+",26,"haimete2","haimete",3
"707","18","BA","f","35+",27,"hecha1","hecha",1
"708","18","BA","f","35+",28,"mombeu2","mombeu",1
"709","18","BA","f","35+",29,"topa1","topa",3
"710","18","BA","f","35+",30,"controlB2","control",1
"711","18","BA","f","35+",31,"hechauka2","hechauka",3
"712","18","BA","f","35+",32,"kuaa1","kuaa",3
"713","18","BA","f","35+",33,"cos2","cos",3
"714","18","BA","f","35+",34,"hendu1","hendu",1
"715","18","BA","f","35+",35,"nte2","nte",5
"716","18","BA","f","35+",36,"juhu1","juhu",3
"717","18","BA","f","35+",37,"hechakuaa2","hechakuaa",5
"718","18","BA","f","35+",38,"hei1","hei",5
"719","18","BA","f","35+",39,"NRRC2","NRRC",5
"720","18","BA","f","35+",40,"controlB3","control",3
"721","19","AB","m","35+",1,"controlA1","control",1
"722","19","AB","m","35+",2,"vya1","vya",1
"723","19","AB","m","35+",3,"moa2","moa",3
"724","19","AB","m","35+",4,"possNP1","possNP",5
"725","19","AB","m","35+",5,"kuaauka2","kuaauka",1
"726","19","AB","m","35+",6,"haimete1","haimete",5
"727","19","AB","m","35+",7,"hecha2","hecha",1
"728","19","AB","m","35+",8,"mombeu1","mombeu",1
"729","19","AB","m","35+",9,"topa2","topa",3
"730","19","AB","m","35+",10,"controlA2","control",1
"731","19","AB","m","35+",11,"hechauka1","hechauka",1
"732","19","AB","m","35+",12,"kuaa2","kuaa",1
"733","19","AB","m","35+",13,"cos1","cos",3
"734","19","AB","m","35+",14,"hendu2","hendu",1
"735","19","AB","m","35+",15,"nte1","nte",1
"736","19","AB","m","35+",16,"juhu2","juhu",3
"737","19","AB","m","35+",17,"hechakuaa1","hechakuaa",5
"738","19","AB","m","35+",18,"hei2","hei",1
"739","19","AB","m","35+",19,"NRRC1","NRRC",5
"740","19","AB","m","35+",20,"controlA3","control",1
"741","19","AB","m","35+",21,"controlB1","control",1
"743","19","AB","m","35+",23,"moa1","moa",1
"744","19","AB","m","35+",24,"possNP2","possNP",3
"745","19","AB","m","35+",25,"kuaauka1","kuaauka",5
"746","19","AB","m","35+",26,"haimete2","haimete",3
"747","19","AB","m","35+",27,"hecha1","hecha",1
"748","19","AB","m","35+",28,"mombeu2","mombeu",1
"749","19","AB","m","35+",29,"topa1","topa",5
"750","19","AB","m","35+",30,"controlB2","control",3
"751","19","AB","m","35+",31,"hechauka2","hechauka",4
"752","19","AB","m","35+",32,"kuaa1","kuaa",3
"753","19","AB","m","35+",33,"cos2","cos",3
"754","19","AB","m","35+",34,"hendu1","hendu",1
"755","19","AB","m","35+",35,"nte2","nte",1
"756","19","AB","m","35+",36,"juhu1","juhu",2
"757","19","AB","m","35+",37,"hechakuaa2","hechakuaa",3
"758","19","AB","m","35+",38,"hei1","hei",1
"759","19","AB","m","35+",39,"NRRC2","NRRC",5
"760","19","AB","m","35+",40,"controlB3","control",3
"761","20","BA","f","35+",1,"controlA1","control",1
"762","20","BA","f","35+",2,"vya1","vya",5
"763","20","BA","f","35+",3,"moa2","moa",1
"764","20","BA","f","35+",4,"possNP1","possNP",3
"765","20","BA","f","35+",5,"kuaauka2","kuaauka",5
"766","20","BA","f","35+",6,"haimete1","haimete",5
"767","20","BA","f","35+",7,"hecha2","hecha",1
"768","20","BA","f","35+",8,"mombeu1","mombeu",5
"769","20","BA","f","35+",9,"topa2","topa",5
"770","20","BA","f","35+",10,"controlA2","control",5
"771","20","BA","f","35+",11,"hechauka1","hechauka",1
"772","20","BA","f","35+",12,"kuaa2","kuaa",5
"773","20","BA","f","35+",13,"cos1","cos",5
"774","20","BA","f","35+",14,"hendu2","hendu",5
"775","20","BA","f","35+",15,"nte1","nte",5
"776","20","BA","f","35+",16,"juhu2","juhu",3
"777","20","BA","f","35+",17,"hechakuaa1","hechakuaa",5
"778","20","BA","f","35+",18,"hei2","hei",3
"779","20","BA","f","35+",19,"NRRC1","NRRC",5
"780","20","BA","f","35+",20,"controlA3","control",1
"781","20","BA","f","35+",21,"controlB1","control",1
"783","20","BA","f","35+",23,"moa1","moa",1
"784","20","BA","f","35+",24,"possNP2","possNP",5
"785","20","BA","f","35+",25,"kuaauka1","kuaauka",5
"786","20","BA","f","35+",26,"haimete2","haimete",3
"787","20","BA","f","35+",27,"hecha1","hecha",5
"788","20","BA","f","35+",28,"mombeu2","mombeu",5
"789","20","BA","f","35+",29,"topa1","topa",1
"790","20","BA","f","35+",30,"controlB2","control",1
"791","20","BA","f","35+",31,"hechauka2","hechauka",5
"792","20","BA","f","35+",32,"kuaa1","kuaa",5
"793","20","BA","f","35+",33,"cos2","cos",5
"794","20","BA","f","35+",34,"hendu1","hendu",5
"795","20","BA","f","35+",35,"nte2","nte",3
"796","20","BA","f","35+",36,"juhu1","juhu",1
"797","20","BA","f","35+",37,"hechakuaa2","hechakuaa",3
"798","20","BA","f","35+",38,"hei1","hei",3
"799","20","BA","f","35+",39,"NRRC2","NRRC",5
"800","20","BA","f","35+",40,"controlB3","control",1
"801","21","AB","f","35+",1,"controlA1","control",1
"802","21","AB","f","35+",2,"vya1","vya",1
"803","21","AB","f","35+",3,"moa2","moa",3
"804","21","AB","f","35+",4,"possNP1","possNP",5
"805","21","AB","f","35+",5,"kuaauka2","kuaauka",1
"806","21","AB","f","35+",6,"haimete1","haimete",3
"807","21","AB","f","35+",7,"hecha2","hecha",5
"808","21","AB","f","35+",8,"mombeu1","mombeu",3
"809","21","AB","f","35+",9,"topa2","topa",5
"810","21","AB","f","35+",10,"controlA2","control",1
"811","21","AB","f","35+",11,"hechauka1","hechauka",1
"812","21","AB","f","35+",12,"kuaa2","kuaa",5
"813","21","AB","f","35+",13,"cos1","cos",1
"814","21","AB","f","35+",14,"hendu2","hendu",5
"815","21","AB","f","35+",15,"nte1","nte",1
"816","21","AB","f","35+",16,"juhu2","juhu",5
"817","21","AB","f","35+",17,"hechakuaa1","hechakuaa",5
"818","21","AB","f","35+",18,"hei2","hei",3
"819","21","AB","f","35+",19,"NRRC1","NRRC",5
"820","21","AB","f","35+",20,"controlA3","control",3
"821","21","AB","f","35+",21,"controlB1","control",1
"823","21","AB","f","35+",23,"moa1","moa",3
"824","21","AB","f","35+",24,"possNP2","possNP",5
"825","21","AB","f","35+",25,"kuaauka1","kuaauka",5
"826","21","AB","f","35+",26,"haimete2","haimete",1
"827","21","AB","f","35+",27,"hecha1","hecha",5
"828","21","AB","f","35+",28,"mombeu2","mombeu",1
"829","21","AB","f","35+",29,"topa1","topa",5
"830","21","AB","f","35+",30,"controlB2","control",3
"831","21","AB","f","35+",31,"hechauka2","hechauka",5
"832","21","AB","f","35+",32,"kuaa1","kuaa",3
"833","21","AB","f","35+",33,"cos2","cos",4
"834","21","AB","f","35+",34,"hendu1","hendu",5
"835","21","AB","f","35+",35,"nte2","nte",2
"836","21","AB","f","35+",36,"juhu1","juhu",5
"837","21","AB","f","35+",37,"hechakuaa2","hechakuaa",1
"838","21","AB","f","35+",38,"hei1","hei",5
"839","21","AB","f","35+",39,"NRRC2","NRRC",3
"840","21","AB","f","35+",40,"controlB3","control",2
"841","22","BA","m","35+",1,"controlA1","control",1
"842","22","BA","m","35+",2,"vya1","vya",1
"843","22","BA","m","35+",3,"moa2","moa",1
"844","22","BA","m","35+",4,"possNP1","possNP",5
"845","22","BA","m","35+",5,"kuaauka2","kuaauka",5
"846","22","BA","m","35+",6,"haimete1","haimete",5
"847","22","BA","m","35+",7,"hecha2","hecha",5
"848","22","BA","m","35+",8,"mombeu1","mombeu",5
"849","22","BA","m","35+",9,"topa2","topa",5
"850","22","BA","m","35+",10,"controlA2","control",1
"851","22","BA","m","35+",11,"hechauka1","hechauka",1
"852","22","BA","m","35+",12,"kuaa2","kuaa",1
"853","22","BA","m","35+",13,"cos1","cos",5
"854","22","BA","m","35+",14,"hendu2","hendu",5
"855","22","BA","m","35+",15,"nte1","nte",5
"856","22","BA","m","35+",16,"juhu2","juhu",5
"857","22","BA","m","35+",17,"hechakuaa1","hechakuaa",5
"858","22","BA","m","35+",18,"hei2","hei",5
"859","22","BA","m","35+",19,"NRRC1","NRRC",5
"860","22","BA","m","35+",20,"controlA3","control",1
"861","22","BA","m","35+",21,"controlB1","control",1
"863","22","BA","m","35+",23,"moa1","moa",1
"864","22","BA","m","35+",24,"possNP2","possNP",5
"865","22","BA","m","35+",25,"kuaauka1","kuaauka",5
"866","22","BA","m","35+",26,"haimete2","haimete",5
"867","22","BA","m","35+",27,"hecha1","hecha",1
"868","22","BA","m","35+",28,"mombeu2","mombeu",1
"869","22","BA","m","35+",29,"topa1","topa",1
"870","22","BA","m","35+",30,"controlB2","control",1
"871","22","BA","m","35+",31,"hechauka2","hechauka",1
"872","22","BA","m","35+",32,"kuaa1","kuaa",5
"873","22","BA","m","35+",33,"cos2","cos",5
"874","22","BA","m","35+",34,"hendu1","hendu",5
"875","22","BA","m","35+",35,"nte2","nte",5
"876","22","BA","m","35+",36,"juhu1","juhu",5
"877","22","BA","m","35+",37,"hechakuaa2","hechakuaa",5
"878","22","BA","m","35+",38,"hei1","hei",1
"879","22","BA","m","35+",39,"NRRC2","NRRC",5
"880","22","BA","m","35+",40,"controlB3","control",1
"921","24","BA","m","35-",1,"controlA1","control",3
"922","24","BA","m","35-",2,"vya1","vya",3
"923","24","BA","m","35-",3,"moa2","moa",3
"924","24","BA","m","35-",4,"possNP1","possNP",5
"925","24","BA","m","35-",5,"kuaauka2","kuaauka",5
"926","24","BA","m","35-",6,"haimete1","haimete",5
"927","24","BA","m","35-",7,"hecha2","hecha",5
"928","24","BA","m","35-",8,"mombeu1","mombeu",5
"929","24","BA","m","35-",9,"topa2","topa",3
"930","24","BA","m","35-",10,"controlA2","control",3
"931","24","BA","m","35-",11,"hechauka1","hechauka",3
"932","24","BA","m","35-",12,"kuaa2","kuaa",3
"933","24","BA","m","35-",13,"cos1","cos",3
"934","24","BA","m","35-",14,"hendu2","hendu",5
"935","24","BA","m","35-",15,"nte1","nte",5
"936","24","BA","m","35-",16,"juhu2","juhu",5
"937","24","BA","m","35-",17,"hechakuaa1","hechakuaa",4
"938","24","BA","m","35-",18,"hei2","hei",3
"939","24","BA","m","35-",19,"NRRC1","NRRC",5
"940","24","BA","m","35-",20,"controlA3","control",3
"941","24","BA","m","35-",21,"controlB1","control",3
"943","24","BA","m","35-",23,"moa1","moa",3
"944","24","BA","m","35-",24,"possNP2","possNP",5
"945","24","BA","m","35-",25,"kuaauka1","kuaauka",5
"946","24","BA","m","35-",26,"haimete2","haimete",5
"947","24","BA","m","35-",27,"hecha1","hecha",5
"948","24","BA","m","35-",28,"mombeu2","mombeu",5
"949","24","BA","m","35-",29,"topa1","topa",5
"950","24","BA","m","35-",30,"controlB2","control",3
"951","24","BA","m","35-",31,"hechauka2","hechauka",5
"952","24","BA","m","35-",32,"kuaa1","kuaa",3
"953","24","BA","m","35-",33,"cos2","cos",1
"954","24","BA","m","35-",34,"hendu1","hendu",5
"955","24","BA","m","35-",35,"nte2","nte",5
"956","24","BA","m","35-",36,"juhu1","juhu",5
"957","24","BA","m","35-",37,"hechakuaa2","hechakuaa",3
"958","24","BA","m","35-",38,"hei1","hei",3
"959","24","BA","m","35-",39,"NRRC2","NRRC",5
"960","24","BA","m","35-",40,"controlB3","control",3
"961","25","AB","m","35+",1,"controlA1","control",1
"962","25","AB","m","35+",2,"vya1","vya",3
"963","25","AB","m","35+",3,"moa2","moa",1
"964","25","AB","m","35+",4,"possNP1","possNP",5
"965","25","AB","m","35+",5,"kuaauka2","kuaauka",3
"966","25","AB","m","35+",6,"haimete1","haimete",3
"967","25","AB","m","35+",7,"hecha2","hecha",1
"968","25","AB","m","35+",8,"mombeu1","mombeu",1
"969","25","AB","m","35+",9,"topa2","topa",3
"970","25","AB","m","35+",10,"controlA2","control",1
"971","25","AB","m","35+",11,"hechauka1","hechauka",3
"972","25","AB","m","35+",12,"kuaa2","kuaa",1
"973","25","AB","m","35+",13,"cos1","cos",3
"974","25","AB","m","35+",14,"hendu2","hendu",3
"975","25","AB","m","35+",15,"nte1","nte",1
"976","25","AB","m","35+",16,"juhu2","juhu",5
"977","25","AB","m","35+",17,"hechakuaa1","hechakuaa",5
"978","25","AB","m","35+",18,"hei2","hei",3
"979","25","AB","m","35+",19,"NRRC1","NRRC",3
"980","25","AB","m","35+",20,"controlA3","control",1
"981","25","AB","m","35+",21,"controlB1","control",1
"983","25","AB","m","35+",23,"moa1","moa",1
"984","25","AB","m","35+",24,"possNP2","possNP",5
"985","25","AB","m","35+",25,"kuaauka1","kuaauka",5
"986","25","AB","m","35+",26,"haimete2","haimete",5
"987","25","AB","m","35+",27,"hecha1","hecha",1
"988","25","AB","m","35+",28,"mombeu2","mombeu",3
"989","25","AB","m","35+",29,"topa1","topa",5
"990","25","AB","m","35+",30,"controlB2","control",1
"991","25","AB","m","35+",31,"hechauka2","hechauka",3
"992","25","AB","m","35+",32,"kuaa1","kuaa",1
"993","25","AB","m","35+",33,"cos2","cos",3
"994","25","AB","m","35+",34,"hendu1","hendu",5
"995","25","AB","m","35+",35,"nte2","nte",5
"996","25","AB","m","35+",36,"juhu1","juhu",5
"997","25","AB","m","35+",37,"hechakuaa2","hechakuaa",5
"998","25","AB","m","35+",38,"hei1","hei",3
"999","25","AB","m","35+",39,"NRRC2","NRRC",5
"1000","25","AB","m","35+",40,"controlB3","control",1
"1001","26","BA","m","35-",1,"controlA1","control",1
"1002","26","BA","m","35-",2,"vya1","vya",4
"1003","26","BA","m","35-",3,"moa2","moa",3
"1004","26","BA","m","35-",4,"possNP1","possNP",5
"1005","26","BA","m","35-",5,"kuaauka2","kuaauka",5
"1006","26","BA","m","35-",6,"haimete1","haimete",3
"1007","26","BA","m","35-",7,"hecha2","hecha",5
"1008","26","BA","m","35-",8,"mombeu1","mombeu",5
"1009","26","BA","m","35-",9,"topa2","topa",5
"1010","26","BA","m","35-",10,"controlA2","control",1
"1011","26","BA","m","35-",11,"hechauka1","hechauka",5
"1012","26","BA","m","35-",12,"kuaa2","kuaa",4
"1013","26","BA","m","35-",13,"cos1","cos",5
"1014","26","BA","m","35-",14,"hendu2","hendu",3
"1015","26","BA","m","35-",15,"nte1","nte",2
"1016","26","BA","m","35-",16,"juhu2","juhu",5
"1017","26","BA","m","35-",17,"hechakuaa1","hechakuaa",5
"1018","26","BA","m","35-",18,"hei2","hei",5
"1019","26","BA","m","35-",19,"NRRC1","NRRC",5
"1020","26","BA","m","35-",20,"controlA3","control",1
"1021","26","BA","m","35-",21,"controlB1","control",1
"1023","26","BA","m","35-",23,"moa1","moa",2
"1024","26","BA","m","35-",24,"possNP2","possNP",5
"1025","26","BA","m","35-",25,"kuaauka1","kuaauka",2
"1026","26","BA","m","35-",26,"haimete2","haimete",2
"1027","26","BA","m","35-",27,"hecha1","hecha",5
"1028","26","BA","m","35-",28,"mombeu2","mombeu",5
"1029","26","BA","m","35-",29,"topa1","topa",4
"1030","26","BA","m","35-",30,"controlB2","control",1
"1031","26","BA","m","35-",31,"hechauka2","hechauka",5
"1032","26","BA","m","35-",32,"kuaa1","kuaa",5
"1033","26","BA","m","35-",33,"cos2","cos",5
"1034","26","BA","m","35-",34,"hendu1","hendu",1
"1035","26","BA","m","35-",35,"nte2","nte",2
"1036","26","BA","m","35-",36,"juhu1","juhu",3
"1037","26","BA","m","35-",37,"hechakuaa2","hechakuaa",3
"1038","26","BA","m","35-",38,"hei1","hei",3
"1039","26","BA","m","35-",39,"NRRC2","NRRC",3
"1040","26","BA","m","35-",40,"controlB3","control",1
"1041","27","AB","f","35+",1,"controlA1","control",2
"1042","27","AB","f","35+",2,"vya1","vya",3
"1043","27","AB","f","35+",3,"moa2","moa",3
"1044","27","AB","f","35+",4,"possNP1","possNP",5
"1045","27","AB","f","35+",5,"kuaauka2","kuaauka",5
"1046","27","AB","f","35+",6,"haimete1","haimete",3
"1047","27","AB","f","35+",7,"hecha2","hecha",2
"1048","27","AB","f","35+",8,"mombeu1","mombeu",5
"1049","27","AB","f","35+",9,"topa2","topa",5
"1050","27","AB","f","35+",10,"controlA2","control",2
"1051","27","AB","f","35+",11,"hechauka1","hechauka",5
"1052","27","AB","f","35+",12,"kuaa2","kuaa",5
"1053","27","AB","f","35+",13,"cos1","cos",5
"1054","27","AB","f","35+",14,"hendu2","hendu",5
"1055","27","AB","f","35+",15,"nte1","nte",5
"1056","27","AB","f","35+",16,"juhu2","juhu",2
"1057","27","AB","f","35+",17,"hechakuaa1","hechakuaa",5
"1058","27","AB","f","35+",18,"hei2","hei",5
"1059","27","AB","f","35+",19,"NRRC1","NRRC",5
"1060","27","AB","f","35+",20,"controlA3","control",2
"1061","27","AB","f","35+",21,"controlB1","control",3
"1063","27","AB","f","35+",23,"moa1","moa",3
"1064","27","AB","f","35+",24,"possNP2","possNP",5
"1065","27","AB","f","35+",25,"kuaauka1","kuaauka",5
"1066","27","AB","f","35+",26,"haimete2","haimete",3
"1067","27","AB","f","35+",27,"hecha1","hecha",5
"1068","27","AB","f","35+",28,"mombeu2","mombeu",5
"1069","27","AB","f","35+",29,"topa1","topa",5
"1070","27","AB","f","35+",30,"controlB2","control",3
"1071","27","AB","f","35+",31,"hechauka2","hechauka",5
"1072","27","AB","f","35+",32,"kuaa1","kuaa",5
"1073","27","AB","f","35+",33,"cos2","cos",5
"1074","27","AB","f","35+",34,"hendu1","hendu",5
"1075","27","AB","f","35+",35,"nte2","nte",3
"1076","27","AB","f","35+",36,"juhu1","juhu",3
"1077","27","AB","f","35+",37,"hechakuaa2","hechakuaa",5
"1078","27","AB","f","35+",38,"hei1","hei",5
"1079","27","AB","f","35+",39,"NRRC2","NRRC",3
"1080","27","AB","f","35+",40,"controlB3","control",3
"1081","28","BA","m","35+",1,"controlA1","control",1
"1082","28","BA","m","35+",2,"vya1","vya",5
"1083","28","BA","m","35+",3,"moa2","moa",1
"1084","28","BA","m","35+",4,"possNP1","possNP",3
"1085","28","BA","m","35+",5,"kuaauka2","kuaauka",5
"1086","28","BA","m","35+",6,"haimete1","haimete",1
"1087","28","BA","m","35+",7,"hecha2","hecha",5
"1088","28","BA","m","35+",8,"mombeu1","mombeu",5
"1089","28","BA","m","35+",9,"topa2","topa",3
"1090","28","BA","m","35+",10,"controlA2","control",1
"1091","28","BA","m","35+",11,"hechauka1","hechauka",5
"1092","28","BA","m","35+",12,"kuaa2","kuaa",5
"1093","28","BA","m","35+",13,"cos1","cos",1
"1094","28","BA","m","35+",14,"hendu2","hendu",3
"1095","28","BA","m","35+",15,"nte1","nte",5
"1096","28","BA","m","35+",16,"juhu2","juhu",3
"1097","28","BA","m","35+",17,"hechakuaa1","hechakuaa",5
"1098","28","BA","m","35+",18,"hei2","hei",3
"1099","28","BA","m","35+",19,"NRRC1","NRRC",5
"1100","28","BA","m","35+",20,"controlA3","control",3
"1101","28","BA","m","35+",21,"controlB1","control",1
"1103","28","BA","m","35+",23,"moa1","moa",1
"1104","28","BA","m","35+",24,"possNP2","possNP",3
"1105","28","BA","m","35+",25,"kuaauka1","kuaauka",5
"1106","28","BA","m","35+",26,"haimete2","haimete",3
"1107","28","BA","m","35+",27,"hecha1","hecha",3
"1108","28","BA","m","35+",28,"mombeu2","mombeu",5
"1109","28","BA","m","35+",29,"topa1","topa",5
"1110","28","BA","m","35+",30,"controlB2","control",1
"1111","28","BA","m","35+",31,"hechauka2","hechauka",5
"1112","28","BA","m","35+",32,"kuaa1","kuaa",5
"1113","28","BA","m","35+",33,"cos2","cos",5
"1114","28","BA","m","35+",34,"hendu1","hendu",5
"1115","28","BA","m","35+",35,"nte2","nte",5
"1116","28","BA","m","35+",36,"juhu1","juhu",5
"1117","28","BA","m","35+",37,"hechakuaa2","hechakuaa",5
"1118","28","BA","m","35+",38,"hei1","hei",1
"1119","28","BA","m","35+",39,"NRRC2","NRRC",5
"1120","28","BA","m","35+",40,"controlB3","control",1
"1121","29","AB","f","35+",1,"controlA1","control",3
"1122","29","AB","f","35+",2,"vya1","vya",5
"1123","29","AB","f","35+",3,"moa2","moa",1
"1124","29","AB","f","35+",4,"possNP1","possNP",5
"1125","29","AB","f","35+",5,"kuaauka2","kuaauka",5
"1126","29","AB","f","35+",6,"haimete1","haimete",5
"1127","29","AB","f","35+",7,"hecha2","hecha",5
"1128","29","AB","f","35+",8,"mombeu1","mombeu",5
"1129","29","AB","f","35+",9,"topa2","topa",5
"1130","29","AB","f","35+",10,"controlA2","control",1
"1131","29","AB","f","35+",11,"hechauka1","hechauka",5
"1132","29","AB","f","35+",12,"kuaa2","kuaa",5
"1133","29","AB","f","35+",13,"cos1","cos",1
"1134","29","AB","f","35+",14,"hendu2","hendu",5
"1135","29","AB","f","35+",15,"nte1","nte",1
"1136","29","AB","f","35+",16,"juhu2","juhu",1
"1137","29","AB","f","35+",17,"hechakuaa1","hechakuaa",5
"1138","29","AB","f","35+",18,"hei2","hei",5
"1139","29","AB","f","35+",19,"NRRC1","NRRC",5
"1140","29","AB","f","35+",20,"controlA3","control",1
"1141","29","AB","f","35+",21,"controlB1","control",1
"1143","29","AB","f","35+",23,"moa1","moa",1
"1144","29","AB","f","35+",24,"possNP2","possNP",5
"1145","29","AB","f","35+",25,"kuaauka1","kuaauka",5
"1146","29","AB","f","35+",26,"haimete2","haimete",5
"1147","29","AB","f","35+",27,"hecha1","hecha",5
"1148","29","AB","f","35+",28,"mombeu2","mombeu",5
"1149","29","AB","f","35+",29,"topa1","topa",5
"1150","29","AB","f","35+",30,"controlB2","control",1
"1151","29","AB","f","35+",31,"hechauka2","hechauka",5
"1152","29","AB","f","35+",32,"kuaa1","kuaa",5
"1153","29","AB","f","35+",33,"cos2","cos",5
"1154","29","AB","f","35+",34,"hendu1","hendu",5
"1155","29","AB","f","35+",35,"nte2","nte",5
"1156","29","AB","f","35+",36,"juhu1","juhu",5
"1157","29","AB","f","35+",37,"hechakuaa2","hechakuaa",5
"1158","29","AB","f","35+",38,"hei1","hei",5
"1159","29","AB","f","35+",39,"NRRC2","NRRC",5
"1160","29","AB","f","35+",40,"controlB3","control",1
"1161","30","BA","f","35-",1,"controlA1","control",1
"1162","30","BA","f","35-",2,"vya1","vya",5
"1163","30","BA","f","35-",3,"moa2","moa",1
"1164","30","BA","f","35-",4,"possNP1","possNP",5
"1165","30","BA","f","35-",5,"kuaauka2","kuaauka",5
"1166","30","BA","f","35-",6,"haimete1","haimete",1
"1167","30","BA","f","35-",7,"hecha2","hecha",1
"1168","30","BA","f","35-",8,"mombeu1","mombeu",5
"1169","30","BA","f","35-",9,"topa2","topa",5
"1170","30","BA","f","35-",10,"controlA2","control",1
"1171","30","BA","f","35-",11,"hechauka1","hechauka",5
"1172","30","BA","f","35-",12,"kuaa2","kuaa",5
"1173","30","BA","f","35-",13,"cos1","cos",5
"1174","30","BA","f","35-",14,"hendu2","hendu",5
"1175","30","BA","f","35-",15,"nte1","nte",5
"1176","30","BA","f","35-",16,"juhu2","juhu",5
"1177","30","BA","f","35-",17,"hechakuaa1","hechakuaa",5
"1178","30","BA","f","35-",18,"hei2","hei",1
"1179","30","BA","f","35-",19,"NRRC1","NRRC",5
"1180","30","BA","f","35-",20,"controlA3","control",1
"1181","30","BA","f","35-",21,"controlB1","control",1
"1183","30","BA","f","35-",23,"moa1","moa",1
"1184","30","BA","f","35-",24,"possNP2","possNP",5
"1185","30","BA","f","35-",25,"kuaauka1","kuaauka",5
"1186","30","BA","f","35-",26,"haimete2","haimete",5
"1187","30","BA","f","35-",27,"hecha1","hecha",5
"1188","30","BA","f","35-",28,"mombeu2","mombeu",5
"1189","30","BA","f","35-",29,"topa1","topa",5
"1190","30","BA","f","35-",30,"controlB2","control",1
"1191","30","BA","f","35-",31,"hechauka2","hechauka",5
"1192","30","BA","f","35-",32,"kuaa1","kuaa",5
"1193","30","BA","f","35-",33,"cos2","cos",5
"1194","30","BA","f","35-",34,"hendu1","hendu",5
"1195","30","BA","f","35-",35,"nte2","nte",5
"1196","30","BA","f","35-",36,"juhu1","juhu",1
"1197","30","BA","f","35-",37,"hechakuaa2","hechakuaa",1
"1198","30","BA","f","35-",38,"hei1","hei",3
"1199","30","BA","f","35-",39,"NRRC2","NRRC",5
"1200","30","BA","f","35-",40,"controlB3","control",1
